==============================================================================
CELL INVENTORY
==============================================================================
P1-T100-s1-route1            models=9     done=100     wall_s=       0.0 peak_rss_kb=12400 pins=
P1-T100-s1-route2            models=9     done=100     wall_s=       0.0 peak_rss_kb= pins=100
P1-T100-s2-route1            models=9     done=100     wall_s=       0.0 peak_rss_kb=12388 pins=
P1-T100-s2-route2            models=9     done=100     wall_s=       0.0 peak_rss_kb= pins=100
P1-T100-s3-route1            models=9     done=100     wall_s=       0.0 peak_rss_kb=12396 pins=
P1-T100-s3-route2            models=9     done=100     wall_s=       0.0 peak_rss_kb= pins=100
P1-T1000-s1-route1           models=9     done=1000    wall_s=       0.5 peak_rss_kb=13580 pins=
P1-T1000-s1-route2           models=9     done=1000    wall_s=       0.6 peak_rss_kb= pins=1000
P1-T1000-s2-route1           models=9     done=1000    wall_s=       0.5 peak_rss_kb=13220 pins=
P1-T1000-s2-route2           models=9     done=1000    wall_s=       0.6 peak_rss_kb= pins=1000
P1-T1000-s3-route1           models=9     done=1000    wall_s=       0.5 peak_rss_kb=13384 pins=
P1-T1000-s3-route2           models=9     done=1000    wall_s=       0.6 peak_rss_kb= pins=1000
P1-T10000-s1-route1          models=9     done=10000   wall_s=     105.7 peak_rss_kb=22568 pins=
P1-T10000-s1-route2          models=9     done=10000   wall_s=     127.5 peak_rss_kb= pins=10000
P1-T10000-s2-route1          models=9     done=10000   wall_s=     106.1 peak_rss_kb=23788 pins=
P1-T10000-s2-route2          models=9     done=10000   wall_s=     127.6 peak_rss_kb= pins=10000
P1-T10000-s3-route1          models=9     done=10000   wall_s=     106.2 peak_rss_kb=22464 pins=
P1-T10000-s3-route2          models=9     done=10000   wall_s=     127.7 peak_rss_kb= pins=10000
P1-T100000-s1-route1         models=9     done=39532   wall_s=    4500.2 peak_rss_kb=66504 pins=  TRUNCATED at 39532 (wall budget 4500s exceeded (elapsed 4500.1s))
P1-T100000-s1-route2         models=9     done=33392   wall_s=    2700.2 peak_rss_kb= pins=33392  TRUNCATED at 33392 (wall budget 2700s exceeded (elapsed 2700.2s))
P1-T100000-s2-route1         models=9     done=39317   wall_s=    4500.2 peak_rss_kb=66256 pins=  TRUNCATED at 39317 (wall budget 4500s exceeded (elapsed 4500.2s))
P1-T100000-s3-route1         models=9     done=39614   wall_s=    4500.2 peak_rss_kb=66512 pins=  TRUNCATED at 39614 (wall budget 4500s exceeded (elapsed 4500.2s))
P2-T100-s1-route1            models=445   done=100     wall_s=       5.5 peak_rss_kb=13768 pins=
P2-T100-s1-route2            models=445   done=100     wall_s=       6.1 peak_rss_kb= pins=100
P2-T100-s2-route1            models=445   done=100     wall_s=       5.4 peak_rss_kb=13764 pins=
P2-T100-s2-route2            models=445   done=100     wall_s=       6.1 peak_rss_kb= pins=100
P2-T100-s3-route1            models=445   done=100     wall_s=       5.5 peak_rss_kb=13856 pins=
P2-T100-s3-route2            models=445   done=100     wall_s=       6.2 peak_rss_kb= pins=100
P2-T1000-s1-route1           models=445   done=1000    wall_s=     362.3 peak_rss_kb=17908 pins=
P2-T1000-s1-route2           models=445   done=1000    wall_s=     356.8 peak_rss_kb= pins=1000
P2-T1000-s2-route1           models=445   done=1000    wall_s=     365.2 peak_rss_kb=17976 pins=
P2-T1000-s2-route2           models=445   done=1000    wall_s=     355.6 peak_rss_kb= pins=1000
P2-T1000-s3-route1           models=445   done=1000    wall_s=     363.4 peak_rss_kb=18064 pins=
P2-T1000-s3-route2           models=445   done=1000    wall_s=     357.1 peak_rss_kb= pins=1000
P2-T10000-s1-route1          models=445   done=3437    wall_s=    7202.7 peak_rss_kb=41580 pins=  TRUNCATED at 3437 (wall budget 7200s exceeded (elapsed 7202.7s))
P2-T10000-s1-route2          models=445   done=2561    wall_s=    4501.0 peak_rss_kb= pins=2561  TRUNCATED at 2561 (wall budget 4500s exceeded (elapsed 4501.0s))
P2-T10000-s2-route1          models=445   done=3433    wall_s=    7202.4 peak_rss_kb=41352 pins=  TRUNCATED at 3433 (wall budget 7200s exceeded (elapsed 7202.4s))
P2-T10000-s3-route1          models=445   done=3432    wall_s=    7203.4 peak_rss_kb=41468 pins=  TRUNCATED at 3432 (wall budget 7200s exceeded (elapsed 7203.4s))
P2nw-T100-s1-route1          models=441   done=100     wall_s=       1.6 peak_rss_kb=13808 pins=
P2nw-T1000-s1-route1         models=441   done=1000    wall_s=      77.5 peak_rss_kb=17024 pins=
P2nw-T1000-s1-route2         models=441   done=1000    wall_s=      83.0 peak_rss_kb= pins=1000
P3-T100-s1-route1            models=130   done=100     wall_s=      75.1 peak_rss_kb=14868 pins=
P3-T100-s1-route2            models=130   done=100     wall_s=      85.6 peak_rss_kb= pins=100
P3-T100-s2-route1            models=130   done=100     wall_s=      74.8 peak_rss_kb=14808 pins=
P3-T100-s2-route2            models=130   done=100     wall_s=      85.9 peak_rss_kb= pins=100
P3-T100-s3-route1            models=130   done=100     wall_s=      75.1 peak_rss_kb=14940 pins=
P3-T100-s3-route2            models=130   done=100     wall_s=      85.6 peak_rss_kb= pins=100
P3-T1000-s1-route1           models=130   done=598     wall_s=    7211.9 peak_rss_kb=28596 pins=  TRUNCATED at 598 (wall budget 7200s exceeded (elapsed 7211.9s))
P3-T1000-s1-route2           models=130   done=397     wall_s=    2703.8 peak_rss_kb= pins=397  TRUNCATED at 397 (wall budget 2700s exceeded (elapsed 2703.8s))
P3-T1000-s2-route1           models=130   done=407     wall_s=    2704.4 peak_rss_kb=27228 pins=  TRUNCATED at 407 (wall budget 2700s exceeded (elapsed 2704.4s))
P3-T1000-s3-route1           models=130   done=407     wall_s=    2705.1 peak_rss_kb=26176 pins=  TRUNCATED at 407 (wall budget 2700s exceeded (elapsed 2705.1s))
P3wide-T100-s1-route2        models=420   done=100     wall_s=     593.8 peak_rss_kb= pins=100
S0-T10000-s1-route1          models=9     done=10000   wall_s=       0.1 peak_rss_kb=15156 pins=
S0-T100000-s1-route1         models=9     done=100000  wall_s=       1.3 peak_rss_kb=34148 pins=
S1-T10000-s1-route1          models=9     done=10000   wall_s=       1.9 peak_rss_kb=14768 pins=
S1-T100000-s1-route1         models=9     done=100000  wall_s=      15.4 peak_rss_kb=34128 pins=

==============================================================================
PROFILE P1
==============================================================================
-- P1-T100-s1-route1 (models=9, done=100, peak_rss_kb=12400)
   start      end   median_ms    mean_ms     p90_ms   median_cpu_ms  rss_kb
        1      100      0.2492     0.2517     0.2760          0.2468   12400
-- P1-T100-s2-route1 (models=9, done=100, peak_rss_kb=12388)
   start      end   median_ms    mean_ms     p90_ms   median_cpu_ms  rss_kb
        1      100      0.2618     0.2614     0.2914          0.2612   12388
-- P1-T100-s3-route1 (models=9, done=100, peak_rss_kb=12396)
   start      end   median_ms    mean_ms     p90_ms   median_cpu_ms  rss_kb
        1      100      0.2548     0.2589     0.2810          0.2556   12396
-- P1-T1000-s1-route1 (models=9, done=1000, peak_rss_kb=13580)
   start      end   median_ms    mean_ms     p90_ms   median_cpu_ms  rss_kb
        1      100      0.2593     0.2593     0.2876          0.2585   13212
        2      101      0.2593     0.2593     0.2876          0.2585   13212
        3      102      0.2593     0.2597     0.2876          0.2585   13212
        5      104      0.2593     0.2597     0.2870          0.2585   13212
        7      106      0.2593     0.2597     0.2880          0.2585   13212
       10      109      0.2593     0.2598     0.2873          0.2585   13216
       20      119      0.2636     0.2697     0.2959          0.2621   13220
       30      129      0.2675     0.2745     0.2995          0.2668   13224
       50      149      0.2814     0.2917     0.3261          0.2821   13228
       70      169      0.2929     0.3035     0.3404          0.2920   13232
      100      199      0.3125     0.3211     0.3570          0.3132   13236
      200      299      0.3658     0.3696     0.4103          0.3640   13240
      300      399      0.3989     0.4011     0.4240          0.3986   13244
      500      599      0.4874     0.4871     0.5068          0.4861   13580
      700      799      0.5976     0.5968     0.6202          0.5955   13580
      901     1000      0.7473     0.7512     0.7833          0.7456   13580
-- P1-T1000-s2-route1 (models=9, done=1000, peak_rss_kb=13220)
   start      end   median_ms    mean_ms     p90_ms   median_cpu_ms  rss_kb
        1      100      0.2635     0.2650     0.2988          0.2623   13148
        2      101      0.2635     0.2649     0.2988          0.2623   13148
        3      102      0.2635     0.2655     0.2997          0.2623   13148
        5      104      0.2636     0.2659     0.2997          0.2633   13180
        7      106      0.2636     0.2662     0.2997          0.2633   13180
       10      109      0.2636     0.2671     0.2997          0.2633   13184
       20      119      0.2677     0.2847     0.3900          0.2667   13188
       30      129      0.2757     0.2900     0.3453          0.2748   13192
       50      149      0.2928     0.3102     0.4147          0.2933   13196
       70      169      0.3027     0.3193     0.4147          0.3015   13200
      100      199      0.3176     0.3342     0.4147          0.3182   13204
      200      299      0.3571     0.3612     0.3891          0.3610   13208
      300      399      0.3989     0.4027     0.4225          0.3988   13212
      500      599      0.4937     0.4943     0.5238          0.4924   13216
      700      799      0.6205     0.6226     0.6467          0.6179   13216
      901     1000      0.7501     0.7574     0.8075          0.7486   13216
-- P1-T1000-s3-route1 (models=9, done=1000, peak_rss_kb=13384)
   start      end   median_ms    mean_ms     p90_ms   median_cpu_ms  rss_kb
        1      100      0.2624     0.2653     0.2974          0.2624   13132
        2      101      0.2624     0.2653     0.2974          0.2624   13132
        3      102      0.2624     0.2657     0.2987          0.2624   13132
        5      104      0.2624     0.2658     0.2987          0.2624   13132
        7      106      0.2627     0.2666     0.2993          0.2625   13132
       10      109      0.2627     0.2664     0.2974          0.2625   13136
       20      119      0.2677     0.2723     0.2994          0.2676   13140
       30      129      0.2728     0.2820     0.3104          0.2726   13144
       50      149      0.2823     0.2978     0.3332          0.2837   13148
       70      169      0.2987     0.3097     0.3379          0.2992   13152
      100      199      0.3139     0.3253     0.3548          0.3147   13156
      200      299      0.3316     0.3334     0.3553          0.3319   13160
      300      399      0.3886     0.4283     0.6172          0.3889   13364
      500      599      0.4825     0.4937     0.5240          0.4821   13368
      700      799      0.6232     0.6280     0.6637          0.6175   13368
      901     1000      0.8047     0.8323     0.9180          0.8024   13368
-- P1-T10000-s1-route1 (models=9, done=10000, peak_rss_kb=22568)
   start      end   median_ms    mean_ms     p90_ms   median_cpu_ms  rss_kb
        1      100      0.2778     0.2776     0.3019          0.2770   22520
        2      101      0.2778     0.2775     0.3002          0.2770   22520
        3      102      0.2783     0.2783     0.3020          0.2770   22524
        5      104      0.2797     0.2787     0.3054          0.2777   22528
        7      106      0.2808     0.2793     0.3110          0.2784   22532
       10      109      0.2808     0.2791     0.3110          0.2784   22536
       20      119      0.2829     0.2864     0.3181          0.2833   22536
       30      129      0.2895     0.2919     0.3220          0.2876   22536
       50      149      0.2974     0.3032     0.3358          0.2999   22540
       70      169      0.3121     0.3152     0.3480          0.3130   22544
      100      199      0.3349     0.3342     0.3661          0.3321   22548
      200      299      0.3901     0.3954     0.4323          0.3869   22552
      300      399      0.4376     0.4526     0.4866          0.4378   22556
      500      599      0.5591     0.5615     0.5996          0.5602   22560
      700      799      0.7080     0.7123     0.7493          0.7070   22560
     1000     1099      1.0005     1.0152     1.0790          0.9977   22560
     2000     2099      2.3153     2.3197     2.4268          2.3076   22560
     3000     3099      4.1802     4.2416     4.4299          4.1695   22560
     5000     5099      9.4338     9.5255     9.7866          9.4030   22564
     7000     7099     15.5046    15.4866    15.8982         15.4642   22568
     9901    10000     25.6170    25.6859    26.4108         25.5427   22568
-- P1-T10000-s2-route1 (models=9, done=10000, peak_rss_kb=23788)
   start      end   median_ms    mean_ms     p90_ms   median_cpu_ms  rss_kb
        1      100      0.2838     0.2815     0.3073          0.2804   23688
        2      101      0.2838     0.2816     0.3096          0.2806   23688
        3      102      0.2840     0.2822     0.3122          0.2821   23692
        5      104      0.2854     0.2829     0.3122          0.2830   23696
        7      106      0.2865     0.2835     0.3137          0.2840   23700
       10      109      0.2865     0.2835     0.3137          0.2840   23704
       20      119      0.2882     0.2930     0.3332          0.2883   23704
       30      129      0.2939     0.2985     0.3332          0.2916   23704
       50      149      0.3039     0.3094     0.3362          0.3048   23704
       70      169      0.3139     0.3191     0.3419          0.3136   23708
      100      199      0.3298     0.3338     0.3591          0.3293   23712
      200      299      0.3800     0.3861     0.4258          0.3800   23716
      300      399      0.4431     0.4489     0.4874          0.4398   23772
      500      599      0.5620     0.5690     0.6089          0.5607   23776
      700      799      0.7006     0.7097     0.7541          0.7011   23780
     1000     1099      1.0146     1.0193     1.0879          1.0115   23780
     2000     2099      2.3166     2.3207     2.4224          2.3132   23780
     3000     3099      4.2048     4.2399     4.3927          4.1854   23780
     5000     5099      9.4840     9.5522     9.8931          9.4579   23784
     7000     7099     15.5578    15.5855    15.9559         15.5194   23788
     9901    10000     25.9240    25.7817    26.5833         25.8423   23788
-- P1-T10000-s3-route1 (models=9, done=10000, peak_rss_kb=22464)
   start      end   median_ms    mean_ms     p90_ms   median_cpu_ms  rss_kb
        1      100      0.2833     0.2822     0.3137          0.2810   22420
        2      101      0.2833     0.2823     0.3143          0.2810   22420
        3      102      0.2839     0.2831     0.3148          0.2811   22424
        5      104      0.2844     0.2841     0.3162          0.2818   22428
        7      106      0.2854     0.2854     0.3243          0.2824   22432
       10      109      0.2854     0.2860     0.3256          0.2824   22436
       20      119      0.2885     0.2942     0.3339          0.2882   22436
       30      129      0.2949     0.3014     0.3452          0.2942   22436
       50      149      0.3150     0.3151     0.3528          0.3130   22440
       70      169      0.3319     0.3294     0.3590          0.3305   22444
      100      199      0.3475     0.3508     0.3785          0.3469   22448
      200      299      0.3940     0.4166     0.5118          0.3942   22452
      300      399      0.4489     0.4588     0.5102          0.4476   22456
      500      599      0.5607     0.5656     0.6010          0.5604   22460
      700      799      0.7144     0.7249     0.7674          0.7128   22460
     1000     1099      1.0229     1.0299     1.1044          1.0196   22460
     2000     2099      2.3199     2.3294     2.4326          2.3113   22460
     3000     3099      4.2226     4.2388     4.4194          4.2060   22460
     5000     5099      9.5047     9.6124    10.0462          9.4848   22460
     7000     7099     15.5895    15.6020    16.0437         15.5404   22464
     9901    10000     25.8069    25.6367    26.4235         25.7230   22464
-- P1-T100000-s1-route1 (models=9, done=39532, peak_rss_kb=66504)
   start      end   median_ms    mean_ms     p90_ms   median_cpu_ms  rss_kb
        1      100      0.2719     0.2703     0.3039          0.2718   66180
        2      101      0.2719     0.2702     0.3039          0.2718   66224
        3      102      0.2719     0.2706     0.3049          0.2718   66236
        5      104      0.2719     0.2708     0.3080          0.2718   66248
        7      106      0.2719     0.2701     0.3039          0.2718   66260
       10      109      0.2719     0.2698     0.3026          0.2718   66272
       20      119      0.2774     0.2774     0.3049          0.2769   66284
       30      129      0.2837     0.2827     0.3109          0.2812   66296
       50      149      0.2916     0.2926     0.3190          0.2889   66308
       70      169      0.3027     0.3032     0.3296          0.3031   66320
      100      199      0.3210     0.3230     0.3542          0.3210   66332
      200      299      0.3901     0.4003     0.4372          0.3907   66344
      300      399      0.4407     0.4401     0.4787          0.4408   66356
      500      599      0.5790     0.5998     0.6957          0.5781   66368
      700      799      0.7122     0.7335     0.7847          0.7096   66380
     1000     1099      0.9969     0.9978     1.0524          0.9946   66392
     2000     2099      2.3949     2.3949     2.4820          2.3878   66404
     3000     3099      4.9747     5.0448     5.2985          4.9587   66416
     5000     5099     10.9440    11.2709    12.0576         10.9073   66428
     7000     7099     17.4875    17.5861    18.1081         17.4258   66440
    10000    10099     29.4329    29.5107    30.2585         29.3250   66452
    20000    20099     84.1010    85.6632    91.6537         83.7731   66468
    30000    30099    172.6370   187.7857   247.7013        171.6431   66480
    39433    39532    235.7296   246.5069   275.5960        234.7566      -1
-- P1-T100000-s2-route1 (models=9, done=39317, peak_rss_kb=66256)
   start      end   median_ms    mean_ms     p90_ms   median_cpu_ms  rss_kb
        1      100      0.4654     0.4609     0.5021          0.4629   65944
        2      101      0.4654     0.4611     0.5031          0.4629   65988
        3      102      0.4654     0.4614     0.5031          0.4629   66000
        5      104      0.4659     0.4624     0.5072          0.4635   66012
        7      106      0.4659     0.4627     0.5072          0.4635   66024
       10      109      0.4624     0.4574     0.5072          0.4601   66036
       20      119      0.4612     0.4449     0.5044          0.4570   66048
       30      129      0.4600     0.4322     0.5031          0.4567   66060
       50      149      0.4521     0.4102     0.5031          0.4514   66072
       70      169      0.3398     0.3845     0.5024          0.3412   66084
      100      199      0.3315     0.3409     0.3665          0.3317   66096
      200      299      0.3767     0.4012     0.5630          0.3776   66108
      300      399      0.4328     0.4356     0.4706          0.4329   66120
      500      599      0.5616     0.5680     0.6131          0.5617   66132
      700      799      0.7104     0.7234     0.7777          0.7063   66144
     1000     1099      1.0303     1.0290     1.0897          1.0263   66156
     2000     2099      2.3894     2.3995     2.5123          2.3808   66168
     3000     3099      5.0138     5.0617     5.2173          4.9969   66180
     5000     5099     19.8509    19.8791    20.1602         19.7851   66192
     7000     7099     17.5678    17.8293    18.1810         17.5072   66204
    10000    10099     29.3335    29.4336    30.3174         29.2548   66204
    20000    20099     82.5957    82.8161    84.4498         82.3439   66220
    30000    30099    161.1089   169.9977   198.5435        160.3846   66232
    39218    39317    230.6824   252.5928   341.1380        229.8804      -1
-- P1-T100000-s3-route1 (models=9, done=39614, peak_rss_kb=66512)
   start      end   median_ms    mean_ms     p90_ms   median_cpu_ms  rss_kb
        1      100      0.2712     0.2708     0.3000          0.2690   66228
        2      101      0.2712     0.2709     0.3000          0.2690   66240
        3      102      0.2714     0.2716     0.3013          0.2697   66252
        5      104      0.2714     0.2718     0.3013          0.2697   66264
        7      106      0.2714     0.2718     0.3013          0.2697   66276
       10      109      0.2719     0.2720     0.3023          0.2708   66288
       20      119      0.2757     0.2793     0.3131          0.2763   66300
       30      129      0.2833     0.2854     0.3195          0.2820   66312
       50      149      0.2954     0.2961     0.3246          0.2970   66324
       70      169      0.3071     0.3073     0.3348          0.3062   66336
      100      199      0.3214     0.3274     0.3586          0.3231   66348
      200      299      0.3931     0.3994     0.4233          0.3943   66360
      300      399      0.4441     0.4469     0.4864          0.4441   66372
      500      599      0.5982     0.6311     0.7790          0.5993   66388
      700      799      0.7161     0.7254     0.7628          0.7134   66400
     1000     1099      1.0250     1.0243     1.0794          1.0247   66412
     2000     2099      2.4079     2.4035     2.5197          2.3934   66424
     3000     3099      5.0302     5.0585     5.2105          5.0205   66436
     5000     5099     11.2721    11.3566    11.8426         11.2228   66448
     7000     7099     17.6373    18.1846    18.5973         17.5819   66460
    10000    10099     29.4007    29.6943    30.4071         29.3155   66472
    20000    20099     83.5096    88.1560    92.1784         83.1961   66484
    30000    30099    258.4850   231.9171   297.1036        252.5589   66496
    39515    39614    235.5205   254.3762   284.6479        234.6335      -1

-- alpha fit (route 1): c(t) ~ t^alpha over the top two decades of the deepest cells (requested T=100000; depth reached per seed: {1: 39532, 2: 39317, 3: 39614})
   seed 1: alpha_raw = 1.463  (11 windows, t in [550, 39482])
   seed 2: alpha_raw = 1.457  (11 windows, t in [550, 39268])
   seed 3: alpha_raw = 1.490  (11 windows, t in [550, 39564])
   POOLED alpha_raw = 1.470   bootstrap-over-seeds 95% CI [1.457, 1.490] (seeds=[1, 2, 3], 2000 resamples)
   fit prediction at t=10000: 31.425 ms/tick
   seed 1: alpha_excess (first-window median subtracted) = 1.591
   seed 2: alpha_excess (first-window median subtracted) = 1.767
   seed 3: alpha_excess (first-window median subtracted) = 1.614
   POOLED alpha_excess = 1.657   bootstrap 95% CI [1.591, 1.767]
-- alpha_3p: c(t) = c0 + a*t^alpha over ALL windows of the deepest cells (relative-weighted LS; alpha on a 0.005 grid)
   seed 1: alpha_3p = 1.580  c0 = 0.270 ms  a = 1.372e-05 ms  rel-rmse 0.049
   seed 2: alpha_3p = 1.650  c0 = 0.393 ms  a = 6.909e-06 ms  rel-rmse 0.173
   seed 3: alpha_3p = 1.590  c0 = 0.271 ms  a = 1.296e-05 ms  rel-rmse 0.089
   POOLED alpha_3p = 1.595   bootstrap 95% CI [1.580, 1.650]   c0 = 0.294 ms  a = 1.202e-05 ms  rel-rmse 0.157
   3p prediction at t=10000: 29.123 ms/tick (fold-depth share 99%)

-- alpha_raw per scale (pooled over that scale's seeds; top two decades of each cell's depth):
   T=100    : fewer than 3 windows in the top two decades (no fit)
   T=1000    depth reached [1000]: alpha_raw = 0.356  CI [0.350, 0.362]  (3 seeds, 33 points);  alpha_3p (all windows) = 1.180  c0 = 0.247 ms  rel-rmse 0.025
   T=10000   depth reached [10000]: alpha_raw = 1.091  CI [1.086, 1.096]  (3 seeds, 33 points);  alpha_3p (all windows) = 1.565  c0 = 0.282 ms  rel-rmse 0.035
   T=100000  depth reached [39317, 39532, 39614]: alpha_raw = 1.470  CI [1.457, 1.490]  (3 seeds, 33 points);  alpha_3p (all windows) = 1.595  c0 = 0.294 ms  rel-rmse 0.157

-- operating point: measured median per-tick cost at the window starting at tick 10000
   P1-T10000-s1-route1: window [9901,10000] median 25.617 ms  mean 25.686 ms  p90 26.411 ms  cpu-median 25.543 ms
   P1-T10000-s2-route1: window [9901,10000] median 25.924 ms  mean 25.782 ms  p90 26.583 ms  cpu-median 25.842 ms
   P1-T10000-s3-route1: window [9901,10000] median 25.807 ms  mean 25.637 ms  p90 26.424 ms  cpu-median 25.723 ms
   P1-T100000-s1-route1: window [10000,10099] median 29.433 ms  mean 29.511 ms  p90 30.258 ms  cpu-median 29.325 ms
   P1-T100000-s2-route1: window [10000,10099] median 29.334 ms  mean 29.434 ms  p90 30.317 ms  cpu-median 29.255 ms
   P1-T100000-s3-route1: window [10000,10099] median 29.401 ms  mean 29.694 ms  p90 30.407 ms  cpu-median 29.315 ms

-- P1-T100-s1-route2 (population=9, done=100, pins_checked=100)
     tick  meta_bits_total  meta_bits_max  meta_n  latent_bits  latent_n  marginal_bits
        0               87             12       9            0         0              0
        1               97             14       9            0         0              3
      100             2017            321       9            0         0            226
-- P1-T100-s2-route2 (population=9, done=100, pins_checked=100)
     tick  meta_bits_total  meta_bits_max  meta_n  latent_bits  latent_n  marginal_bits
        0               87             12       9            0         0              0
        1               97             14       9            0         0              3
      100             2017            304       9            0         0            211
-- P1-T100-s3-route2 (population=9, done=100, pins_checked=100)
     tick  meta_bits_total  meta_bits_max  meta_n  latent_bits  latent_n  marginal_bits
        0               87             12       9            0         0              0
        1               97             14       9            0         0              3
      100             2017            331       9            0         0            247
-- P1-T1000-s1-route2 (population=9, done=1000, pins_checked=1000)
     tick  meta_bits_total  meta_bits_max  meta_n  latent_bits  latent_n  marginal_bits
        0               87             12       9            0         0              0
        1               97             14       9            0         0              3
        2              108             16       9            0         0             20
        3              120             16       9            0         0             17
        5              154             22       9            0         0             19
        7              186             27       9            0         0             19
       10              241             36       9            0         0             28
       20              437             71       9            0         0             51
       30              633            102       9            0         0             77
       50             1029            164       9            0         0            120
       70             1423            228       9            0         0            162
      100             2017            321       9            0         0            226
      101             2037            325       9            0         0            226
      102             2055            328       9            0         0            236
      104             2096            334       9            0         0            241
      106             2135            341       9            0         0            233
      109             2195            352       9            0         0            245
      119             2393            383       9            0         0            270
      129             2588            414       9            0         0            288
      149             2984            481       9            0         0            343
      169             3379            546       9            0         0            388
      199             3973            647       9            0         0            478
      200             3992            649       9            0         0            486
      299             5948            955       9            0         0            698
      300             5967            959       9            0         0            703
      399             7923           1271       9            0         0            921
      500             9918           1578       9            0         0           1135
      599            11874           1894       9            0         0           1372
      700            13869           2218       9            0         0           1622
      799            15824           2532       9            0         0           1854
      901            17840           2842       9            0         0           2059
     1000            19796           3166       9            0         0           2311
-- P1-T1000-s2-route2 (population=9, done=1000, pins_checked=1000)
     tick  meta_bits_total  meta_bits_max  meta_n  latent_bits  latent_n  marginal_bits
        0               87             12       9            0         0              0
        1               97             14       9            0         0              3
        2              107             14       9            0         0              7
        3              120             16       9            0         0              3
        5              154             22       9            0         0             19
        7              192             29       9            0         0             27
       10              244             38       9            0         0             36
       20              436             66       9            0         0             43
       30              633             97       9            0         0             65
       50             1027            154       9            0         0            111
       70             1423            213       9            0         0            145
      100             2017            304       9            0         0            211
      101             2036            307       9            0         0            211
      102             2056            311       9            0         0            215
      104             2096            316       9            0         0            215
      106             2136            324       9            0         0            220
      109             2196            333       9            0         0            231
      119             2394            369       9            0         0            250
      129             2589            401       9            0         0            280
      149             2984            462       9            0         0            308
      169             3379            522       9            0         0            356
      199             3972            616       9            0         0            418
      200             3991            619       9            0         0            428
      299             5949            949       9            0         0            685
      300             5968            952       9            0         0            690
      399             7922           1274       9            0         0            936
      500             9919           1597       9            0         0           1179
      599            11874           1910       9            0         0           1402
      700            13870           2228       9            0         0           1642
      799            15824           2543       9            0         0           1869
      901            17840           2857       9            0         0           2094
     1000            19794           3189       9            0         0           2364
-- P1-T1000-s3-route2 (population=9, done=1000, pins_checked=1000)
     tick  meta_bits_total  meta_bits_max  meta_n  latent_bits  latent_n  marginal_bits
        0               87             12       9            0         0              0
        1               97             14       9            0         0              3
        2              108             16       9            0         0             20
        3              120             16       9            0         0             17
        5              150             20       9            0         0              3
        7              186             26       9            0         0             20
       10              241             35       9            0         0             31
       20              437             69       9            0         0             44
       30              633            100       9            0         0             73
       50             1029            166       9            0         0            104
       70             1425            236       9            0         0            169
      100             2017            331       9            0         0            247
      101             2036            334       9            0         0            248
      102             2055            336       9            0         0            252
      104             2096            343       9            0         0            256
      106             2134            350       9            0         0            262
      109             2195            360       9            0         0            267
      119             2391            394       9            0         0            291
      129             2589            423       9            0         0            316
      149             2984            486       9            0         0            352
      169             3381            553       9            0         0            408
      199             3974            649       9            0         0            488
      200             3993            651       9            0         0            490
      299             5948            965       9            0         0            714
      300             5968            967       9            0         0            716
      399             7923           1282       9            0         0            941
      500             9918           1614       9            0         0           1209
      599            11875           1926       9            0         0           1435
      700            13869           2245       9            0         0           1670
      799            15824           2562       9            0         0           1912
      901            17840           2901       9            0         0           2177
     1000            19796           3211       9            0         0           2408
-- P1-T10000-s1-route2 (population=9, done=10000, pins_checked=10000)
     tick  meta_bits_total  meta_bits_max  meta_n  latent_bits  latent_n  marginal_bits
        0               87             12       9            0         0              0
        1               97             14       9            0         0              3
        2              108             16       9            0         0             20
        3              120             16       9            0         0             17
        5              154             22       9            0         0             19
        7              186             27       9            0         0             19
       10              241             36       9            0         0             28
       20              437             71       9            0         0             51
       30              633            102       9            0         0             77
       50             1029            164       9            0         0            120
       70             1423            228       9            0         0            162
      100             2017            321       9            0         0            226
      101             2037            325       9            0         0            226
      102             2055            328       9            0         0            236
      104             2096            334       9            0         0            241
      106             2135            341       9            0         0            233
      109             2195            352       9            0         0            245
      119             2393            383       9            0         0            270
      129             2588            414       9            0         0            288
      149             2984            481       9            0         0            343
      169             3379            546       9            0         0            388
      199             3973            647       9            0         0            478
      200             3992            649       9            0         0            486
      299             5948            955       9            0         0            698
      300             5967            959       9            0         0            703
      399             7923           1271       9            0         0            921
      500             9918           1578       9            0         0           1135
      599            11874           1894       9            0         0           1372
      700            13869           2218       9            0         0           1622
      799            15824           2532       9            0         0           1854
     1000            19796           3166       9            0         0           2311
     1099            21751           3476       9            0         0           2540
     2000            39552           6351       9            0         0           4688
     2099            41505           6666       9            0         0           4920
     3000            59304           9571       9            0         0           7128
     3099            61261           9879       9            0         0           7341
     5000            98814          15979       9            0         0          11944
     5099           100770          16305       9            0         0          12198
     7000           138326          22407       9            0         0          16800
     7099           140282          22719       9            0         0          17028
     9901           195633          31647       9            0         0          23669
    10000           197589          31956       9            0         0          23900
-- P1-T10000-s2-route2 (population=9, done=10000, pins_checked=10000)
     tick  meta_bits_total  meta_bits_max  meta_n  latent_bits  latent_n  marginal_bits
        0               87             12       9            0         0              0
        1               97             14       9            0         0              3
        2              107             14       9            0         0              7
        3              120             16       9            0         0              3
        5              154             22       9            0         0             19
        7              192             29       9            0         0             27
       10              244             38       9            0         0             36
       20              436             66       9            0         0             43
       30              633             97       9            0         0             65
       50             1027            154       9            0         0            111
       70             1423            213       9            0         0            145
      100             2017            304       9            0         0            211
      101             2036            307       9            0         0            211
      102             2056            311       9            0         0            215
      104             2096            316       9            0         0            215
      106             2136            324       9            0         0            220
      109             2196            333       9            0         0            231
      119             2394            369       9            0         0            250
      129             2589            401       9            0         0            280
      149             2984            462       9            0         0            308
      169             3379            522       9            0         0            356
      199             3972            616       9            0         0            418
      200             3991            619       9            0         0            428
      299             5949            949       9            0         0            685
      300             5968            952       9            0         0            690
      399             7922           1274       9            0         0            936
      500             9919           1597       9            0         0           1179
      599            11874           1910       9            0         0           1402
      700            13870           2228       9            0         0           1642
      799            15824           2543       9            0         0           1869
     1000            19794           3189       9            0         0           2364
     1099            21753           3516       9            0         0           2619
     2000            39551           6372       9            0         0           4730
     2099            41505           6677       9            0         0           4940
     3000            59305           9524       9            0         0           7028
     3099            61260           9844       9            0         0           7262
     5000            98816          15919       9            0         0          11808
     5099           100772          16236       9            0         0          12060
     7000           138326          22257       9            0         0          16499
     7099           140280          22575       9            0         0          16738
     9901           195635          31476       9            0         0          23327
    10000           197590          31783       9            0         0          23552
-- P1-T10000-s3-route2 (population=9, done=10000, pins_checked=10000)
     tick  meta_bits_total  meta_bits_max  meta_n  latent_bits  latent_n  marginal_bits
        0               87             12       9            0         0              0
        1               97             14       9            0         0              3
        2              108             16       9            0         0             20
        3              120             16       9            0         0             17
        5              150             20       9            0         0              3
        7              186             26       9            0         0             20
       10              241             35       9            0         0             31
       20              437             69       9            0         0             44
       30              633            100       9            0         0             73
       50             1029            166       9            0         0            104
       70             1425            236       9            0         0            169
      100             2017            331       9            0         0            247
      101             2036            334       9            0         0            248
      102             2055            336       9            0         0            252
      104             2096            343       9            0         0            256
      106             2134            350       9            0         0            262
      109             2195            360       9            0         0            267
      119             2391            394       9            0         0            291
      129             2589            423       9            0         0            316
      149             2984            486       9            0         0            352
      169             3381            553       9            0         0            408
      199             3974            649       9            0         0            488
      200             3993            651       9            0         0            490
      299             5948            965       9            0         0            714
      300             5968            967       9            0         0            716
      399             7923           1282       9            0         0            941
      500             9918           1614       9            0         0           1209
      599            11875           1926       9            0         0           1435
      700            13869           2245       9            0         0           1670
      799            15824           2562       9            0         0           1912
     1000            19796           3211       9            0         0           2408
     1099            21751           3524       9            0         0           2636
     2000            39551           6375       9            0         0           4730
     2099            41505           6677       9            0         0           4940
     3000            59307           9535       9            0         0           7056
     3099            61262           9849       9            0         0           7285
     5000            98816          15897       9            0         0          11779
     5099           100770          16207       9            0         0          12004
     7000           138325          22284       9            0         0          16536
     7099           140280          22594       9            0         0          16776
     9901           195634          31601       9            0         0          23578
    10000           197589          31926       9            0         0          23837
-- P1-T100000-s1-route2 (population=9, done=33392, pins_checked=33392)
     tick  meta_bits_total  meta_bits_max  meta_n  latent_bits  latent_n  marginal_bits
        0               87             12       9            0         0              0
        1               97             14       9            0         0              3
        2              108             16       9            0         0             20
        3              120             16       9            0         0             17
        5              154             22       9            0         0             19
        7              186             27       9            0         0             19
       10              241             36       9            0         0             28
       20              437             71       9            0         0             51
       30              633            102       9            0         0             77
       50             1029            164       9            0         0            120
       70             1423            228       9            0         0            162
      100             2017            321       9            0         0            226
      101             2037            325       9            0         0            226
      102             2055            328       9            0         0            236
      104             2096            334       9            0         0            241
      106             2135            341       9            0         0            233
      109             2195            352       9            0         0            245
      119             2393            383       9            0         0            270
      129             2588            414       9            0         0            288
      149             2984            481       9            0         0            343
      169             3379            546       9            0         0            388
      199             3973            647       9            0         0            478
      200             3992            649       9            0         0            486
      299             5948            955       9            0         0            698
      300             5967            959       9            0         0            703
      399             7923           1271       9            0         0            921
      500             9918           1578       9            0         0           1135
      599            11874           1894       9            0         0           1372
      700            13869           2218       9            0         0           1622
      799            15824           2532       9            0         0           1854
     1000            19796           3166       9            0         0           2311
     1099            21751           3476       9            0         0           2540
     2000            39552           6351       9            0         0           4688
     2099            41505           6666       9            0         0           4920
     3000            59304           9571       9            0         0           7128
     3099            61261           9879       9            0         0           7341
     5000            98814          15979       9            0         0          11944
     5099           100770          16305       9            0         0          12198
     7000           138326          22407       9            0         0          16800
     7099           140282          22719       9            0         0          17028
    10000           197589          31956       9            0         0          23900
    10099           199545          32263       9            0         0          24116
    20000           395138          63834       9            0         0          47654
    20099           397094          64139       9            0         0          47862
    30000           592687          95691       9            0         0          71367
    30099           594643          96011       9            0         0          71606

-- beta fit (route 2): b(t) ~ t^beta, b = meta bits + latent bits, top two decades of T=100000
   seed 1: beta = 0.999   b(t) at deepest sample = 594643 bits (t=30099)
   POOLED beta = 0.999   bootstrap-over-seeds 95% CI [0.999, 0.999]
   seed 1: mean growth 19.8 bits/tick over the fitted range

-- reconciliation: c ~ b^gamma (per-tick cost against belief-state bits, same windows, deepest cells)
   seed 1: gamma = 0.775
   seed 2: gamma = 0.586
   seed 3: gamma = 0.589
   POOLED gamma_raw = 0.679   bootstrap 95% CI [0.586, 0.775]  (pure power law)
   POOLED gamma_3p (c = c0 + a*b^gamma, all windows) = 1.570   bootstrap 95% CI [1.570, 1.570]   c0 = 0.280 ms  rel-rmse 0.053
   reading: the fold-depth cost c - c0 ~ b^gamma; alpha_3p ~= beta * gamma_3p; the arithmetic-cost model (bench/results/gmp-ops.txt) gives, per operand size:
     bits    1728 -> 5185   : gcd slope 1.05   mulQ55 slope 0.97   addQQ slope 1.15
     bits    5185 -> 17282  : gcd slope 1.14   mulQ55 slope 1.12   addQQ slope 1.50
     bits   17282 -> 51848  : gcd slope 1.41   mulQ55 slope 1.40   addQQ slope 1.53
     bits   51848 -> 172826 : gcd slope 1.58   mulQ55 slope 1.59   addQQ slope 1.43
     bits  172826 -> 518480 : gcd slope 1.42   mulQ55 slope 1.41   addQQ slope 1.36

==============================================================================
PROFILE P2
==============================================================================
-- P2-T100-s1-route1 (models=445, done=100, peak_rss_kb=13768)
   start      end   median_ms    mean_ms     p90_ms   median_cpu_ms  rss_kb
        1      100     55.9806    55.4424    64.6732         55.8091   13768
-- P2-T100-s2-route1 (models=445, done=100, peak_rss_kb=13764)
   start      end   median_ms    mean_ms     p90_ms   median_cpu_ms  rss_kb
        1      100     54.4244    54.0791    63.0422         54.2187   13764
-- P2-T100-s3-route1 (models=445, done=100, peak_rss_kb=13856)
   start      end   median_ms    mean_ms     p90_ms   median_cpu_ms  rss_kb
        1      100     55.1556    55.2464    65.5646         55.0297   13856
-- P2-T1000-s1-route1 (models=445, done=1000, peak_rss_kb=17908)
   start      end   median_ms    mean_ms     p90_ms   median_cpu_ms  rss_kb
        1      100     83.9034    84.7612   100.0046         83.5114   17908
        2      101     83.9475    85.0048   100.0046         83.5534   17908
        3      102     84.4377    85.4168   100.0046         83.9820   17908
        5      104     85.1519    86.1504   100.0046         84.6741   17908
        7      106     85.3476    86.4920   100.0368         84.9411   17908
       10      109     86.1702    87.4340   100.0368         85.7901   17908
       20      119     90.9493    90.8269   103.1575         90.5351   17908
       30      129     92.5876    93.9181   106.3299         92.2481   17908
       50      149     98.9614   100.8374   114.8967         98.5065   17908
       70      169    104.3231   106.2230   120.7978        103.9743   17908
      100      199    115.4852   116.3446   133.7477        115.0184   17908
      200      299    162.8953   163.6716   183.1777        162.2320   17908
      300      399    219.8969   226.1594   262.4535        219.1086   17908
      500      599    380.3116   391.0195   428.3168        379.1826   17908
      700      799    530.1541   529.7566   564.9897        528.0371   17908
      901     1000    723.6829   726.4373   775.4278        721.4133   17908
-- P2-T1000-s2-route1 (models=445, done=1000, peak_rss_kb=17976)
   start      end   median_ms    mean_ms     p90_ms   median_cpu_ms  rss_kb
        1      100     84.3721    84.0620    99.2460         83.9640   17976
        2      101     84.9114    84.4928    99.2460         84.4989   17976
        3      102     85.2473    84.9266    99.2460         84.8330   17976
        5      104     85.4457    85.6550    99.2460         85.0994   17976
        7      106     85.7161    86.0083    99.2460         85.3107   17976
       10      109     86.4997    87.0104   100.2892         86.1647   17976
       20      119     89.9907    90.1440   103.2164         89.5455   17976
       30      129     93.2540    93.5554   105.4882         92.9623   17976
       50      149     99.4116   100.9484   115.3290         98.9915   17976
       70      169    104.3366   105.5891   121.6522        103.9165   17976
      100      199    115.5002   116.0349   131.7185        115.0507   17976
      200      299    160.9977   161.9716   184.8751        160.5130   17976
      300      399    218.9493   228.5970   259.1290        218.2477   17976
      500      599    375.3798   384.9010   431.6327        374.0103   17976
      700      799    525.1258   526.6286   564.0426        523.6951   17976
      901     1000    723.4917   719.4953   762.2587        720.4789   17976
-- P2-T1000-s3-route1 (models=445, done=1000, peak_rss_kb=18064)
   start      end   median_ms    mean_ms     p90_ms   median_cpu_ms  rss_kb
        1      100     83.4696    84.4672   100.9511         83.1523   18064
        2      101     83.7258    84.6941   100.9511         83.4233   18064
        3      102     84.0549    85.0923   100.9511         83.7189   18064
        5      104     84.5059    85.8324   100.9511         84.1266   18064
        7      106     84.6615    86.2449   102.1981         84.3300   18064
       10      109     86.8837    87.2723   102.1981         86.4927   18064
       20      119     90.4285    90.7694   105.2363         90.1031   18064
       30      129     94.1869    94.1922   107.8227         93.9083   18064
       50      149    100.6069   101.5205   114.6461        100.1620   18064
       70      169    105.1029   106.3328   120.8219        104.7248   18064
      100      199    116.2783   116.9650   135.1541        115.8387   18064
      200      299    162.0218   162.3042   183.7989        161.5191   18064
      300      399    218.5765   235.2595   282.4131        217.9274   18064
      500      599    378.5251   389.1578   439.0857        377.0479   18064
      700      799    531.2274   531.6407   562.2820        529.6427   18064
      901     1000    722.5992   721.8375   763.9698        720.3580   18064
-- P2-T10000-s1-route1 (models=445, done=3437, peak_rss_kb=41580)
   start      end   median_ms    mean_ms     p90_ms   median_cpu_ms  rss_kb
        1      100     78.0559    77.0852    90.6893         77.8254   41528
        2      101     78.0559    77.2027    90.7762         77.8254   41532
        3      102     78.2976    77.6412    90.8455         78.0264   41532
        5      104     78.9488    78.5666    91.3323         78.7339   41544
        7      106     79.8404    79.4049    91.9045         79.5602   41544
       10      109     80.6694    80.6395    92.7623         80.3683   41544
       20      119     83.8536    84.0253    97.8666         83.5648   41544
       30      129     86.9210    87.3015   100.8961         86.6675   41544
       50      149     92.9699    94.3979   108.7349         92.7020   41556
       70      169    100.9441   102.1974   116.7468        100.5821   41556
      100      199    113.8340   113.7523   129.6461        113.3970   41556
      200      299    158.2482   157.9304   178.0795        157.8073   41560
      300      399    382.2741   329.2443   421.6380        381.0222   41564
      500      599    353.8313   354.0900   384.0414        352.7502   41576
      700      799    526.3512   527.5558   568.1842        523.7169   41576
     1000     1099    824.2449   822.7793   867.7542        821.3521   41580
     2000     2099   2263.5071  2267.1542  2431.6372       2256.3851   41580
     3000     3099   4197.3119  4237.7601  4389.8170       4183.2900   41580
     3338     3437   4798.2336  4808.1287  4910.3475       4783.4413      -1
-- P2-T10000-s2-route1 (models=445, done=3433, peak_rss_kb=41352)
   start      end   median_ms    mean_ms     p90_ms   median_cpu_ms  rss_kb
        1      100     78.2365    76.4731    90.8187         77.9768   41148
        2      101     78.6248    76.9546    91.3981         78.3571   41160
        3      102     78.9946    77.4548    91.5531         78.7126   41172
        5      104     79.6345    78.3656    91.5877         79.3512   41184
        7      106     79.8580    79.2662    93.5165         79.5939   41196
       10      109     80.4625    80.5925    94.3631         80.1779   41208
       20      119     83.5380    84.2785    96.9319         83.2677   41220
       30      129     86.5526    87.6628   101.4668         86.2855   41232
       50      149     94.4190    95.0578   110.1151         94.0846   41244
       70      169    101.7136   103.1684   117.5590        101.3982   41256
      100      199    113.6587   114.8042   130.1603        113.0227   41268
      200      299    158.4599   158.5413   179.7181        157.9307   41280
      300      399    221.6427   222.6598   247.9311        220.9035   41292
      500      599    352.1527   352.1778   380.6960        351.0531   41304
      700      799    523.2946   528.4734   560.8221        520.6084   41316
     1000     1099    819.9424   817.9819   863.8109        817.5987   41328
     2000     2099   2245.2498  2259.3054  2421.8484       2237.6339   41340
     3000     3099   4206.1295  4257.0284  4459.8128       4191.8972   41352
     3334     3433   4810.8756  4812.4296  4901.9964       4796.1597      -1
-- P2-T10000-s3-route1 (models=445, done=3432, peak_rss_kb=41468)
   start      end   median_ms    mean_ms     p90_ms   median_cpu_ms  rss_kb
        1      100     78.4695    77.0542    90.2876         78.2280   41268
        2      101     78.4695    77.1601    90.3189         78.2280   41280
        3      102     78.7513    77.6227    90.4750         78.4964   41288
        5      104     79.3328    78.5943    91.3213         79.1177   41300
        7      106     80.0439    79.4703    92.1591         79.7863   41312
       10      109     81.1184    80.7494    93.9725         80.8373   41324
       20      119     83.5097    84.3158    98.4144         83.2583   41336
       30      129     87.1233    87.6381    99.8642         86.8403   41348
       50      149     94.1045    94.6483   109.8098         93.7221   41360
       70      169    100.9319   101.8956   116.4855        100.6296   41372
      100      199    113.0694   113.3491   127.7474        112.6620   41384
      200      299    158.7603   159.1123   181.0163        158.2299   41396
      300      399    225.0170   222.3839   247.6623        224.2862   41408
      500      599    351.1616   353.2686   382.2386        350.1047   41420
      700      799    524.3705   522.9699   555.2772        522.4680   41432
     1000     1099    819.5752   817.3984   862.6832        817.4689   41444
     2000     2099   2265.9258  2266.1743  2424.4327       2257.6536   41456
     3000     3099   4215.0231  4266.3710  4474.8952       4200.7107   41468
     3333     3432   4820.5083  4819.8798  4908.0922       4804.8457      -1

-- alpha fit (route 1): c(t) ~ t^alpha over the top two decades of the deepest cells (requested T=10000; depth reached per seed: {1: 3437, 2: 3433, 3: 3432})
   seed 1: alpha_raw = 1.129  (11 windows, t in [100, 3388])
   seed 2: alpha_raw = 1.141  (11 windows, t in [100, 3384])
   seed 3: alpha_raw = 1.144  (11 windows, t in [100, 3382])
   POOLED alpha_raw = 1.138   bootstrap-over-seeds 95% CI [1.129, 1.144] (seeds=[1, 2, 3], 2000 resamples)
   fit prediction at t=10000: 13019.096 ms/tick
   seed 1: alpha_excess (first-window median subtracted) = 1.580
   seed 2: alpha_excess (first-window median subtracted) = 1.590
   seed 3: alpha_excess (first-window median subtracted) = 1.600
   POOLED alpha_excess = 1.590   bootstrap 95% CI [1.580, 1.600]
-- alpha_3p: c(t) = c0 + a*t^alpha over ALL windows of the deepest cells (relative-weighted LS; alpha on a 0.005 grid)
   seed 1: alpha_3p = 1.485  c0 = 69.258 ms  a = 2.649e-02 ms  rel-rmse 0.098
   seed 2: alpha_3p = 1.540  c0 = 71.935 ms  a = 1.730e-02 ms  rel-rmse 0.018
   seed 3: alpha_3p = 1.540  c0 = 71.901 ms  a = 1.736e-02 ms  rel-rmse 0.019
   POOLED alpha_3p = 1.525   bootstrap 95% CI [1.485, 1.540]   c0 = 71.225 ms  a = 1.948e-02 ms  rel-rmse 0.060
   3p prediction at t=10000: 24592.522 ms/tick (fold-depth share 100%)

-- alpha_raw per scale (pooled over that scale's seeds; top two decades of each cell's depth):
   T=100    : fewer than 3 windows in the top two decades (no fit)
   T=1000    depth reached [1000]: alpha_raw = 0.760  CI [0.758, 0.762]  (3 seeds, 33 points);  alpha_3p (all windows) = 1.505  c0 = 76.425 ms  rel-rmse 0.014
   T=10000   depth reached [3432, 3433, 3437]: alpha_raw = 1.138  CI [1.129, 1.144]  (3 seeds, 33 points);  alpha_3p (all windows) = 1.525  c0 = 71.225 ms  rel-rmse 0.060

-- operating point: measured median per-tick cost at the window starting at tick 10000

-- P2-T100-s1-route2 (population=445, done=100, pins_checked=100)
     tick  meta_bits_total  meta_bits_max  meta_n  latent_bits  latent_n  marginal_bits
        0             7139             17     445          180        36              0
        1             9053             24     445          378        36              3
      100           270703           1705     445        46957        36           1620
-- P2-T100-s2-route2 (population=445, done=100, pins_checked=100)
     tick  meta_bits_total  meta_bits_max  meta_n  latent_bits  latent_n  marginal_bits
        0             7139             17     445          180        36              0
        1             9053             24     445          378        36              3
      100           270760           1705     445        46669        36           1631
-- P2-T100-s3-route2 (population=445, done=100, pins_checked=100)
     tick  meta_bits_total  meta_bits_max  meta_n  latent_bits  latent_n  marginal_bits
        0             7139             17     445          180        36              0
        1             9053             24     445          378        36              3
      100           270767           1707     445        46928        36           1616
-- P2-T1000-s1-route2 (population=445, done=1000, pins_checked=1000)
     tick  meta_bits_total  meta_bits_max  meta_n  latent_bits  latent_n  marginal_bits
        0             7139             17     445          180        36              0
        1             9053             24     445          378        36              3
        2            11114             38     445          817        36             42
        3            13203             47     445         1375        36             49
        5            17416             77     445         2257        36             85
        7            21888            111     445         3253        36            113
       10            29125            170     445         4522        36            171
       20            55615            345     445         9403        36            336
       30            82107            516     445        14074        36            498
       50           135792            853     445        23505        36            819
       70           189723           1196     445        33097        36           1137
      100           270703           1705     445        46957        36           1620
      101           273365           1715     445        47496        36           1629
      102           276104           1742     445        47988        36           1652
      104           281489           1773     445        48955        36           1686
      106           286904           1812     445        49894        36           1719
      109           294933           1844     445        51190        36           1751
      119           321959           2019     445        55918        36           1915
      129           348918           2182     445        60597        36           2073
      149           402942           2527     445        69844        36           2401
      169           456945           2874     445        79192        36           2733
      199           537931           3385     445        93461        36           3221
      200           540666           3410     445        93853        36           3245
      299           807867           5078     445       140227        36           4834
      300           810621           5111     445       140751        36           4867
      399          1077821           6778     445       186810        36           6451
      500          1350567           8518     445       234614        36           8117
      599          1617788          10189     445       280820        36           9735
      700          1890498          11921     445       328709        36          11406
      799          2157737          13597     445       374851        36          12986
      901          2433082          15333     445       422996        36          14624
     1000          2700387          17028     445       469369        36          16257
-- P2-T1000-s2-route2 (population=445, done=1000, pins_checked=1000)
     tick  meta_bits_total  meta_bits_max  meta_n  latent_bits  latent_n  marginal_bits
        0             7139             17     445          180        36              0
        1             9053             24     445          378        36              3
        2            11151             39     445          888        36             36
        3            13178             43     445         1399        36             46
        5            17465             81     445         2281        36             85
        7            22011            107     445         3228        36            104
       10            29323            170     445         4535        36            171
       20            55406            337     445         9284        36            325
       30            82162            516     445        14021        36            494
       50           135936            851     445        23310        36            817
       70           189805           1194     445        32787        36           1138
      100           270760           1705     445        46669        36           1631
      101           273439           1714     445        47149        36           1638
      102           276148           1737     445        47636        36           1661
      104           281522           1765     445        48534        36           1694
      106           286948           1807     445        49455        36           1727
      109           294988           1839     445        50786        36           1763
      119           322031           2017     445        55527        36           1929
      129           349009           2187     445        60203        36           2095
      149           403017           2530     445        69678        36           2426
      169           457008           2875     445        79216        36           2761
      199           538006           3384     445        93267        36           3239
      200           540703           3401     445        93610        36           3256
      299           807946           5084     445       139962        36           4879
      300           810695           5107     445       140449        36           4894
      399          1077899           6778     445       186645        36           6501
      500          1350594           8505     445       233765        36           8151
      599          1617796          10177     445       280069        36           9742
      700          1890523          11913     445       327806        36          11401
      799          2157755          13589     445       373885        36          13016
      901          2433096          15321     445       421784        36          14659
     1000          2700400          17014     445       468131        36          16260
-- P2-T1000-s3-route2 (population=445, done=1000, pins_checked=1000)
     tick  meta_bits_total  meta_bits_max  meta_n  latent_bits  latent_n  marginal_bits
        0             7139             17     445          180        36              0
        1             9053             24     445          378        36              3
        2            11151             39     445          888        36             36
        3            13270             41     445         1398        36             48
        5            17644             76     445         2316        36             86
        7            22553            109     445         3289        36            112
       10            29838            170     445         4719        36            175
       20            56043            342     445         9589        36            342
       30            82157            519     445        14251        36            499
       50           135928            857     445        23543        36            815
       70           189798           1195     445        32983        36           1127
      100           270767           1707     445        46928        36           1616
      101           273455           1717     445        47411        36           1625
      102           276166           1740     445        47868        36           1648
      104           281548           1774     445        48837        36           1679
      106           286949           1806     445        49645        36           1713
      109           295017           1845     445        51009        36           1750
      119           322046           2026     445        56201        36           1921
      129           349076           2198     445        60895        36           2085
      149           403041           2535     445        70239        36           2415
      169           457014           2876     445        79613        36           2737
      199           538059           3393     445        93910        36           3222
      200           540736           3411     445        94282        36           3245
      299           807989           5090     445       140576        36           4853
      300           810694           5109     445       141024        36           4877
      399          1077938           6789     445       187196        36           6485
      500          1350622           8516     445       234652        36           8142
      599          1617819          10177     445       280662        36           9750
      700          1890548          11914     445       327933        36          11413
      799          2157767          13586     445       373930        36          12995
      901          2433140          15326     445       421902        36          14657
     1000          2700423          17015     445       468096        36          16264
-- P2-T10000-s1-route2 (population=445, done=2561, pins_checked=2561)
     tick  meta_bits_total  meta_bits_max  meta_n  latent_bits  latent_n  marginal_bits
        0             7139             17     445          180        36              0
        1             9053             24     445          378        36              3
        2            11114             38     445          817        36             42
        3            13203             47     445         1375        36             49
        5            17416             77     445         2257        36             85
        7            21888            111     445         3253        36            113
       10            29125            170     445         4522        36            171
       20            55615            345     445         9403        36            336
       30            82107            516     445        14074        36            498
       50           135792            853     445        23505        36            819
       70           189723           1196     445        33097        36           1137
      100           270703           1705     445        46957        36           1620
      101           273365           1715     445        47496        36           1629
      102           276104           1742     445        47988        36           1652
      104           281489           1773     445        48955        36           1686
      106           286904           1812     445        49894        36           1719
      109           294933           1844     445        51190        36           1751
      119           321959           2019     445        55918        36           1915
      129           348918           2182     445        60597        36           2073
      149           402942           2527     445        69844        36           2401
      169           456945           2874     445        79192        36           2733
      199           537931           3385     445        93461        36           3221
      200           540666           3410     445        93853        36           3245
      299           807867           5078     445       140227        36           4834
      300           810621           5111     445       140751        36           4867
      399          1077821           6778     445       186810        36           6451
      500          1350567           8518     445       234614        36           8117
      599          1617788          10189     445       280820        36           9735
      700          1890498          11921     445       328709        36          11406
      799          2157737          13597     445       374851        36          12986
     1000          2700387          17028     445       469369        36          16257
     1099          2967621          18706     445       515723        36          17878
     2000          5400054          34057     445       938130        36          32559
     2099          5667240          35729     445       984329        36          34157

-- beta fit (route 2): b(t) ~ t^beta, b = meta bits + latent bits, top two decades of T=10000
   seed 1: beta = 0.998   b(t) at deepest sample = 6651569 bits (t=2099)
   POOLED beta = 0.998   bootstrap-over-seeds 95% CI [0.998, 0.998]
   seed 1: mean growth 3168.4 bits/tick over the fitted range

-- reconciliation: c ~ b^gamma (per-tick cost against belief-state bits, same windows, deepest cells)
   seed 1: gamma = 0.533
   seed 2: gamma = 0.422
   seed 3: gamma = 0.421
   POOLED gamma_raw = 0.473   bootstrap 95% CI [0.421, 0.533]  (pure power law)
   POOLED gamma_3p (c = c0 + a*b^gamma, all windows) = 1.345   bootstrap 95% CI [1.345, 1.345]   c0 = 78.631 ms  rel-rmse 0.103
   reading: the fold-depth cost c - c0 ~ b^gamma; alpha_3p ~= beta * gamma_3p; the arithmetic-cost model (bench/results/gmp-ops.txt) gives, per operand size:
     bits    1728 -> 5185   : gcd slope 1.05   mulQ55 slope 0.97   addQQ slope 1.15
     bits    5185 -> 17282  : gcd slope 1.14   mulQ55 slope 1.12   addQQ slope 1.50
     bits   17282 -> 51848  : gcd slope 1.41   mulQ55 slope 1.40   addQQ slope 1.53
     bits   51848 -> 172826 : gcd slope 1.58   mulQ55 slope 1.59   addQQ slope 1.43
     bits  172826 -> 518480 : gcd slope 1.42   mulQ55 slope 1.41   addQQ slope 1.36

==============================================================================
PROFILE P2nw
==============================================================================
-- P2nw-T100-s1-route1 (models=441, done=100, peak_rss_kb=13808)
   start      end   median_ms    mean_ms     p90_ms   median_cpu_ms  rss_kb
        1      100     15.7074    15.4802    17.9526         15.6441   13808
-- P2nw-T1000-s1-route1 (models=441, done=1000, peak_rss_kb=17024)
   start      end   median_ms    mean_ms     p90_ms   median_cpu_ms  rss_kb
        1      100     19.3850    18.7114    21.5657         19.3201   17024
        2      101     19.3850    18.7363    21.6274         19.3201   17024
        3      102     19.4170    18.7754    21.7174         19.3523   17024
        5      104     19.4688    19.0022    22.2492         19.4035   17024
        7      106     19.8402    19.2224    22.4745         19.7668   17024
       10      109     20.0520    19.5167    22.5119         19.9775   17024
       20      119     20.3753    20.3495    23.0194         20.3141   17024
       30      129     20.9841    21.1374    23.7766         20.9088   17024
       50      149     22.2310    22.5168    25.5096         22.1470   17024
       70      169     23.8052    23.8621    27.1091         23.7019   17024
      100      199     26.1361    26.2320    29.4483         26.0386   17024
      200      299     35.2871    35.5906    39.3372         35.1459   17024
      300      399     46.9084    46.8311    51.8140         46.7145   17024
      500      599     76.0717    76.2033    82.6140         75.9037   17024
      700      799    113.2725   114.6774   123.8498        112.8470   17024
      901     1000    160.9176   161.0570   171.0065        160.4641   17024

-- alpha fit (route 1): c(t) ~ t^alpha over the top two decades of the deepest cells (requested T=1000; depth reached per seed: {1: 1000})
   seed 1: alpha_raw = 0.732  (11 windows, t in [60, 950])
   POOLED alpha_raw = 0.732   bootstrap-over-seeds 95% CI [0.732, 0.732] (seeds=[1], 2000 resamples)
   fit prediction at t=10000: 676.248 ms/tick
   seed 1: alpha_excess (first-window median subtracted) = 1.865
   POOLED alpha_excess = 1.865   bootstrap 95% CI [1.865, 1.865]
-- alpha_3p: c(t) = c0 + a*t^alpha over ALL windows of the deepest cells (relative-weighted LS; alpha on a 0.005 grid)
   seed 1: alpha_3p = 1.570  c0 = 18.099 ms  a = 2.952e-03 ms  rel-rmse 0.010
   POOLED alpha_3p = 1.570   bootstrap 95% CI [1.570, 1.570]   c0 = 18.099 ms  a = 2.952e-03 ms  rel-rmse 0.010
   3p prediction at t=10000: 5643.782 ms/tick (fold-depth share 100%)

-- alpha_raw per scale (pooled over that scale's seeds; top two decades of each cell's depth):
   T=100    : fewer than 3 windows in the top two decades (no fit)
   T=1000    depth reached [1000]: alpha_raw = 0.732  CI [0.732, 0.732]  (1 seeds, 11 points);  alpha_3p (all windows) = 1.570  c0 = 18.099 ms  rel-rmse 0.010

-- operating point: measured median per-tick cost at the window starting at tick 10000

-- P2nw-T1000-s1-route2 (population=441, done=1000, pins_checked=1000)
     tick  meta_bits_total  meta_bits_max  meta_n  latent_bits  latent_n  marginal_bits
        0             7119             17     441            0         0              0
        1             9029             24     441            0         0              3
        2            10995             32     441            0         0             25
        3            13051             40     441            0         0             23
        5            17160             53     441            0         0             40
        7            21528             67     441            0         0             49
       10            28571             88     441            0         0             75
       20            54480            163     441            0         0            140
       30            80401            234     441            0         0            200
       50           132968            374     441            0         0            322
       70           185777            513     441            0         0            440
      100           265075            725     441            0         0            624
      101           267714            733     441            0         0            623
      102           270360            740     441            0         0            638
      104           275636            755     441            0         0            652
      106           280928            769     441            0         0            663
      109           288862            790     441            0         0            674
      119           315306            859     441            0         0            732
      129           341732            931     441            0         0            797
      149           394614           1071     441            0         0            919
      169           447483           1213     441            0         0           1049
      199           526785           1425     441            0         0           1239
      200           529434           1431     441            0         0           1253
      299           791152           2133     441            0         0           1860
      300           793792           2140     441            0         0           1875
      399          1055508           2840     441            0         0           2471
      500          1322513           3566     441            0         0           3123
      599          1584233           4282     441            0         0           3753
      700          1851227           5012     441            0         0           4414
      799          2112954           5706     441            0         0           5002
      901          2382590           6425     441            0         0           5628
     1000          2644302           7137     441            0         0           6260

-- beta fit (route 2): b(t) ~ t^beta, b = meta bits + latent bits, top two decades of T=1000
   seed 1: beta = 0.991   b(t) at deepest sample = 2644302 bits (t=1000)
   POOLED beta = 0.991   bootstrap-over-seeds 95% CI [0.991, 0.991]
   seed 1: mean growth 2642.2 bits/tick over the fitted range

-- reconciliation: c ~ b^gamma (per-tick cost against belief-state bits, same windows, deepest cells)
   seed 1: gamma = 0.462
   POOLED gamma_raw = 0.462   bootstrap 95% CI [0.462, 0.462]  (pure power law)
   POOLED gamma_3p (c = c0 + a*b^gamma, all windows) = 1.430   bootstrap 95% CI [1.430, 1.430]   c0 = 19.654 ms  rel-rmse 0.018
   reading: the fold-depth cost c - c0 ~ b^gamma; alpha_3p ~= beta * gamma_3p; the arithmetic-cost model (bench/results/gmp-ops.txt) gives, per operand size:
     bits    1728 -> 5185   : gcd slope 1.05   mulQ55 slope 0.97   addQQ slope 1.15
     bits    5185 -> 17282  : gcd slope 1.14   mulQ55 slope 1.12   addQQ slope 1.50
     bits   17282 -> 51848  : gcd slope 1.41   mulQ55 slope 1.40   addQQ slope 1.53
     bits   51848 -> 172826 : gcd slope 1.58   mulQ55 slope 1.59   addQQ slope 1.43
     bits  172826 -> 518480 : gcd slope 1.42   mulQ55 slope 1.41   addQQ slope 1.36

==============================================================================
PROFILE P3
==============================================================================
-- P3-T100-s1-route1 (models=130, done=100, peak_rss_kb=14868)
   start      end   median_ms    mean_ms     p90_ms   median_cpu_ms  rss_kb
        1      100    652.2594   750.7199  1509.0903        650.0159   14868
-- P3-T100-s2-route1 (models=130, done=100, peak_rss_kb=14808)
   start      end   median_ms    mean_ms     p90_ms   median_cpu_ms  rss_kb
        1      100    650.7997   747.8323  1528.5006        648.8671   14808
-- P3-T100-s3-route1 (models=130, done=100, peak_rss_kb=14940)
   start      end   median_ms    mean_ms     p90_ms   median_cpu_ms  rss_kb
        1      100    650.1398   750.6176  1511.6798        648.0514   14940
-- P3-T1000-s1-route1 (models=130, done=598, peak_rss_kb=28596)
   start      end   median_ms    mean_ms     p90_ms   median_cpu_ms  rss_kb
        1      100    782.5292   877.8804  1775.3785        780.1995   28308
        2      101    808.7875   897.1366  1788.9846        806.1622   28308
        3      102    820.8336   916.3743  1821.7222        818.5304   28308
        5      104    859.5641   955.8825  1839.7042        856.8727   28308
        7      106    896.3086   995.4055  1871.5606        893.8005   28308
       10      109    958.0506  1055.7568  1925.9553        955.2800   28308
       20      119   1184.8397  1271.4793  2207.0588       1180.8382   28308
       30      129   1477.2540  1505.6303  2496.1480       1473.0167   28308
       50      149   1944.5386  2027.2671  3192.1815       1938.6541   28308
       70      169   2514.9517  2614.2976  3862.8404       2507.0605   28320
      100      199   3580.2996  3602.4908  5099.2652       3569.3561   28320
      200      299   7567.4497  7897.8611 10122.8915       7545.1608   28332
      300      399  12438.6563 14019.9195 24296.3378      12400.4392   28344
      499      598  25581.4422 25325.0107 27528.0675      25466.8449      -1
-- P3-T1000-s2-route1 (models=130, done=407, peak_rss_kb=27228)
   start      end   median_ms    mean_ms     p90_ms   median_cpu_ms  rss_kb
        1      100    910.6919  1293.1406  3554.7433        906.8014   27228
        2      101    928.1602  1345.3507  3566.8880        924.4167   27228
        3      102    940.8442  1368.9280  3566.8880        935.3230   27228
        5      104    976.8560  1433.0622  3574.6434        972.4123   27228
        7      106    991.8619  1505.3477  3675.5030        988.5845   27228
       10      109   1012.2478  1594.8975  3685.2590       1008.8251   27228
       20      119   1202.2205  1831.6089  3685.2590       1198.5729   27228
       30      129   1419.4811  2069.8105  3685.2590       1414.1573   27228
       50      149   2765.2166  2564.5758  3685.2590       2751.6577   27228
       70      169   3344.9396  3209.1099  4161.6634       3069.6833   27228
      100      199   3807.1160  3982.5918  5488.7625       3745.7959   27228
      200      299   7640.7003  7731.1492  9503.6026       7618.8955   27228
      300      399  12709.9286 12799.7282 15102.0835      12666.3983   27228
      308      407  13094.4001 13263.4157 15659.8773      13056.0444      -1
-- P3-T1000-s3-route1 (models=130, done=407, peak_rss_kb=26176)
   start      end   median_ms    mean_ms     p90_ms   median_cpu_ms  rss_kb
        1      100    804.1001  1194.7093  3666.0587        801.0565   26176
        2      101    814.0824  1228.5563  3666.0587        811.0998   26176
        3      102    822.0944  1266.0213  3680.3018        819.3252   26176
        5      104    904.1062  1358.1098  3770.8041        900.4444   26176
        7      106    934.4627  1432.0507  3834.2065        931.1982   26176
       10      109   1038.3922  1543.3349  3888.8718       1033.1407   26176
       20      119   1177.4338  1874.4747  4027.2214       1173.4589   26176
       30      129   1475.4920  2111.4341  4027.2214       1470.4471   26176
       50      149   2900.7529  2676.3348  4053.1826       2857.0611   26176
       70      169   3581.0031  3294.2110  4260.4384       3348.8628   26176
      100      199   3942.8723  4123.2699  5461.9582       3900.7983   26176
      200      299   7678.2211  7730.2682  9513.9137       7652.8045   26176
      300      399  12640.1572 12766.5946 15070.7467      12601.3902   26176
      308      407  13198.5450 13220.5804 15561.7005      13145.3303      -1

-- alpha fit (route 1): c(t) ~ t^alpha over the top two decades of the deepest cells (requested T=1000; depth reached per seed: {1: 598, 2: 407, 3: 407})
   seed 1: alpha_raw = 1.466  (10 windows, t in [56, 548])
   seed 2: alpha_raw = 1.407  (11 windows, t in [54, 358])
   seed 3: alpha_raw = 1.425  (11 windows, t in [54, 358])
   POOLED alpha_raw = 1.429   bootstrap-over-seeds 95% CI [1.407, 1.466] (seeds=[1, 2, 3], 2000 resamples)
   fit prediction at t=10000: 1558363.173 ms/tick
   seed 1: alpha_excess (first-window median subtracted) = 2.218
   seed 2: alpha_excess (first-window median subtracted) = 2.643
   seed 3: alpha_excess (first-window median subtracted) = 2.364
   POOLED alpha_excess = 2.403   bootstrap 95% CI [2.218, 2.643]
-- alpha_3p: c(t) = c0 + a*t^alpha over ALL windows of the deepest cells (relative-weighted LS; alpha on a 0.005 grid)
   seed 1: alpha_3p = 1.540  c0 = 146.228 ms  a = 1.517e+00 ms  rel-rmse 0.013
   seed 2: alpha_3p = 1.400  c0 = 14.545 ms  a = 3.495e+00 ms  rel-rmse 0.088
   seed 3: alpha_3p = 1.460  c0 = 1.493 ms  a = 2.606e+00 ms  rel-rmse 0.099
   POOLED alpha_3p = 1.430   bootstrap 95% CI [1.400, 1.540]   c0 = 0.570 ms  a = 2.952e+00 ms  rel-rmse 0.088
   3p prediction at t=10000: 1549332.273 ms/tick (fold-depth share 100%)

-- alpha_raw per scale (pooled over that scale's seeds; top two decades of each cell's depth):
   T=100    : fewer than 3 windows in the top two decades (no fit)
   T=1000    depth reached [407, 598]: alpha_raw = 1.429  CI [1.407, 1.466]  (3 seeds, 32 points);  alpha_3p (all windows) = 1.430  c0 = 0.570 ms  rel-rmse 0.088

-- operating point: measured median per-tick cost at the window starting at tick 10000

-- P3-T100-s1-route2 (population=130, done=100, pins_checked=100)
     tick  meta_bits_total  meta_bits_max  meta_n  latent_bits  latent_n  marginal_bits
        0             1725             15     130          100        25              0
        1            14168            338     130         8150        25            346
      100          1246414          32933     130       813878        25          32729
-- P3-T100-s2-route2 (population=130, done=100, pins_checked=100)
     tick  meta_bits_total  meta_bits_max  meta_n  latent_bits  latent_n  marginal_bits
        0             1725             15     130          100        25              0
        1            14168            338     130         8150        25            346
      100          1246088          32916     130       813831        25          32681
-- P3-T100-s3-route2 (population=130, done=100, pins_checked=100)
     tick  meta_bits_total  meta_bits_max  meta_n  latent_bits  latent_n  marginal_bits
        0             1725             15     130          100        25              0
        1            14168            338     130         8150        25            346
      100          1246252          32924     130       813870        25          32698
-- P3-T1000-s1-route2 (population=130, done=397, pins_checked=397)
     tick  meta_bits_total  meta_bits_max  meta_n  latent_bits  latent_n  marginal_bits
        0             1725             15     130          100        25              0
        1            14168            338     130         8150        25            346
        2            26676            667     130        16352        25            667
        3            39092            996     130        24482        25            993
        5            63975           1656     130        40753        25           1647
        7            88846           2314     130        57023        25           2305
       10           126221           3303     130        81404        25           3282
       20           250760           6594     130       162809        25           6561
       30           375274           9893     130       244216        25           9831
       50           624035          16479     130       406946        25          16395
       70           873055          23056     130       569718        25          22924
      100          1246414          32933     130       813878        25          32729
      101          1258856          33258     130       822009        25          33057
      102          1271281          33587     130       830157        25          33383
      104          1296165          34250     130       846433        25          34031
      106          1321020          34902     130       862671        25          34687
      109          1358412          35893     130       887133        25          35670
      119          1482786          39181     130       968500        25          38929
      129          1607089          42467     130      1049873        25          42189
      149          1855959          49058     130      1212625        25          48749
      169          2104736          55647     130      1375373        25          55298
      199          2477931          65519     130      1619535        25          65098
      200          2490355          65849     130      1627643        25          65425
      299          3722626          98423     130      2433354        25          97787
      300          3735056          98752     130      2441493        25          98114

-- beta fit (route 2): b(t) ~ t^beta, b = meta bits + latent bits, top two decades of T=1000
   seed 1: beta = 0.996   b(t) at deepest sample = 6176549 bits (t=300)
   POOLED beta = 0.996   bootstrap-over-seeds 95% CI [0.996, 0.996]
   seed 1: mean growth 20582.4 bits/tick over the fitted range

-- reconciliation: c ~ b^gamma (per-tick cost against belief-state bits, same windows, deepest cells)
   seed 1: gamma = 0.519
   POOLED gamma_raw = 0.519   bootstrap 95% CI [0.519, 0.519]  (pure power law)
   POOLED gamma_3p (c = c0 + a*b^gamma, all windows) = 1.265   bootstrap 95% CI [1.265, 1.265]   c0 = 791.567 ms  rel-rmse 0.020
   reading: the fold-depth cost c - c0 ~ b^gamma; alpha_3p ~= beta * gamma_3p; the arithmetic-cost model (bench/results/gmp-ops.txt) gives, per operand size:
     bits    1728 -> 5185   : gcd slope 1.05   mulQ55 slope 0.97   addQQ slope 1.15
     bits    5185 -> 17282  : gcd slope 1.14   mulQ55 slope 1.12   addQQ slope 1.50
     bits   17282 -> 51848  : gcd slope 1.41   mulQ55 slope 1.40   addQQ slope 1.53
     bits   51848 -> 172826 : gcd slope 1.58   mulQ55 slope 1.59   addQQ slope 1.43
     bits  172826 -> 518480 : gcd slope 1.42   mulQ55 slope 1.41   addQQ slope 1.36

==============================================================================
PROFILE P3wide
==============================================================================

-- P3wide-T100-s1-route2 (population=420, done=100, pins_checked=100)
     tick  meta_bits_total  meta_bits_max  meta_n  latent_bits  latent_n  marginal_bits
        0             6615             17     420          675       135              0
        1            49282            346     420        44180       135            556
      100          4342563          33079     420      4404827       135          54871

-- beta fit (route 2): b(t) ~ t^beta, b = meta bits + latent bits, top two decades of T=100

==============================================================================
PROFILE S0
==============================================================================
-- S0-T10000-s1-route1 (models=9, done=10000, peak_rss_kb=15156)
   start      end   median_ms    mean_ms     p90_ms   median_cpu_ms  rss_kb
        1      100      0.0058     0.0065     0.0085          0.0063   13320
        2      101      0.0058     0.0064     0.0085          0.0063   13324
        3      102      0.0058     0.0064     0.0083          0.0063   13328
        5      104      0.0058     0.0064     0.0081          0.0063   14100
        7      106      0.0058     0.0064     0.0081          0.0063   14104
       10      109      0.0058     0.0063     0.0080          0.0063   14108
       20      119      0.0058     0.0065     0.0080          0.0062   14112
       30      129      0.0058     0.0065     0.0082          0.0062   14116
       50      149      0.0057     0.0061     0.0082          0.0062   14120
       70      169      0.0056     0.0057     0.0080          0.0061   14124
      100      199      0.0038     0.0050     0.0073          0.0042   14128
      200      299      0.0037     0.0041     0.0042          0.0040   14132
      300      399      0.0036     0.0039     0.0040          0.0040   14132
      500      599      0.0035     0.0037     0.0038          0.0039   14132
      700      799      0.0036     0.0040     0.0054          0.0040   14132
     1000     1099      0.0036     0.0038     0.0039          0.0039   14136
     2000     2099      0.0034     0.0037     0.0038          0.0038   15156
     3000     3099      0.0036     0.0038     0.0040          0.0040   15156
     5000     5099      0.0056     0.0060     0.0061          0.0062   15156
     7000     7099      0.0043     0.0047     0.0054          0.0047   15156
     9901    10000      0.0039     0.0046     0.0063          0.0042   15156
-- S0-T100000-s1-route1 (models=9, done=100000, peak_rss_kb=34148)
   start      end   median_ms    mean_ms     p90_ms   median_cpu_ms  rss_kb
        1      100      0.0060     0.0068     0.0084          0.0064   28932
        2      101      0.0060     0.0067     0.0084          0.0064   28936
        3      102      0.0060     0.0067     0.0083          0.0064   28940
        5      104      0.0060     0.0067     0.0083          0.0064   28944
        7      106      0.0060     0.0068     0.0084          0.0064   28948
       10      109      0.0060     0.0068     0.0084          0.0064   28952
       20      119      0.0060     0.0068     0.0083          0.0064   28956
       30      129      0.0060     0.0068     0.0083          0.0064   28960
       50      149      0.0058     0.0063     0.0083          0.0063   28964
       70      169      0.0057     0.0059     0.0078          0.0061   28968
      100      199      0.0041     0.0051     0.0074          0.0045   28972
      200      299      0.0036     0.0037     0.0040          0.0040   33200
      300      399      0.0036     0.0042     0.0040          0.0040   33200
      500      599      0.0035     0.0037     0.0038          0.0039   33200
      700      799      0.0035     0.0037     0.0037          0.0039   33200
     1000     1099      0.0035     0.0036     0.0037          0.0039   33200
     2000     2099      0.0034     0.0034     0.0036          0.0038   33204
     3000     3099      0.0037     0.0041     0.0041          0.0040   33204
     5000     5099      0.0075     0.0078     0.0082          0.0082   33204
     7000     7099      0.0037     0.0038     0.0042          0.0041   33204
    10000    10099      0.0038     0.0041     0.0042          0.0042   33204
    20000    20099      0.0039     0.0041     0.0043          0.0043   33332
    30000    30099      0.0040     0.0041     0.0042          0.0044   33332
    50000    50099      0.0041     0.0042     0.0044          0.0045   33332
    70000    70099      0.0040     0.0042     0.0043          0.0044   33332
    99901   100000      0.0041     0.0042     0.0043          0.0045   34148

-- alpha fit (route 1): c(t) ~ t^alpha over the top two decades of the deepest cells (requested T=100000; depth reached per seed: {1: 100000})
   seed 1: alpha_raw = 0.013  (11 windows, t in [1050, 99950])
   POOLED alpha_raw = 0.013   bootstrap-over-seeds 95% CI [0.013, 0.013] (seeds=[1], 2000 resamples)
   fit prediction at t=10000: 0.004 ms/tick
-- alpha_3p: c(t) = c0 + a*t^alpha over ALL windows of the deepest cells (relative-weighted LS; alpha on a 0.005 grid)
   seed 1: alpha_3p = nan  c0 = nan ms  a = nan ms  rel-rmse nan
   POOLED alpha_3p = nan   bootstrap 95% CI [nan, nan]   c0 = nan ms  a = nan ms  rel-rmse nan
   3p prediction at t=10000: nan ms/tick (fold-depth share nan%)

-- alpha_raw per scale (pooled over that scale's seeds; top two decades of each cell's depth):
   T=10000   depth reached [10000]: alpha_raw = 0.046  CI [0.046, 0.046]  (1 seeds, 11 points);  alpha_3p (all windows) = nan  c0 = nan ms  rel-rmse nan
   T=100000  depth reached [100000]: alpha_raw = 0.013  CI [0.013, 0.013]  (1 seeds, 11 points);  alpha_3p (all windows) = nan  c0 = nan ms  rel-rmse nan

-- operating point: measured median per-tick cost at the window starting at tick 10000
   S0-T10000-s1-route1: window [9901,10000] median 0.004 ms  mean 0.005 ms  p90 0.006 ms  cpu-median 0.004 ms
   S0-T100000-s1-route1: window [10000,10099] median 0.004 ms  mean 0.004 ms  p90 0.004 ms  cpu-median 0.004 ms
   SANITY S0-T100000-s1-route1: alpha over all windows = -0.054, max/min window median = 2.196  -> NOT FLAT (criterion |alpha|<=0.1, ratio<=1.5)

==============================================================================
PROFILE S1
==============================================================================
-- S1-T10000-s1-route1 (models=9, done=10000, peak_rss_kb=14768)
   start      end   median_ms    mean_ms     p90_ms   median_cpu_ms  rss_kb
        1      100      0.2671     0.2896     0.3674          0.2646   13332
        2      101      0.2670     0.2883     0.3671          0.2646   13332
        3      102      0.2669     0.2876     0.3671          0.2644   14060
        5      104      0.2669     0.2856     0.3662          0.2643   14064
        7      106      0.2661     0.2831     0.3594          0.2642   14068
       10      109      0.2661     0.2804     0.2960          0.2642   14068
       20      119      0.2649     0.2632     0.2790          0.2639   14068
       30      129      0.2632     0.2521     0.2788          0.2633   14068
       50      149      0.2609     0.2248     0.2762          0.2621   14072
       70      169      0.1642     0.2020     0.2702          0.1652   14076
      100      199      0.1566     0.1694     0.2591          0.1540   14080
      200      299      0.1657     0.1709     0.2020          0.1645   14084
      300      399      0.1612     0.1630     0.1812          0.1592   14088
      500      599      0.1511     0.1581     0.1692          0.1513   14092
      700      799      0.1553     0.1591     0.1739          0.1546   14096
     1000     1099      0.1558     0.1584     0.1664          0.1560   14100
     2000     2099      0.1658     0.1675     0.1767          0.1642   14768
     3000     3099      0.1706     0.1754     0.1887          0.1683   14768
     5000     5099      0.1656     0.1688     0.1780          0.1662   14768
     7000     7099      0.1615     0.1647     0.1749          0.1620   14768
     9901    10000      0.1457     0.1475     0.1522          0.1464   14768
-- S1-T100000-s1-route1 (models=9, done=100000, peak_rss_kb=34128)
   start      end   median_ms    mean_ms     p90_ms   median_cpu_ms  rss_kb
        1      100      0.2677     0.2872     0.3634          0.2668   23680
        2      101      0.2677     0.2861     0.3579          0.2668   23680
        3      102      0.2675     0.2852     0.3579          0.2665   30692
        5      104      0.2672     0.2833     0.3549          0.2651   30696
        7      106      0.2663     0.2812     0.3455          0.2643   30696
       10      109      0.2663     0.2789     0.2926          0.2643   30696
       20      119      0.2629     0.2601     0.2781          0.2632   30700
       30      129      0.2615     0.2491     0.2775          0.2621   30704
       50      149      0.2585     0.2234     0.2747          0.2596   30708
       70      169      0.1729     0.2027     0.2720          0.1729   30712
      100      199      0.1583     0.1717     0.2440          0.1591   30716
      200      299      0.1703     0.1871     0.2527          0.1682   30720
      300      399      0.1626     0.1781     0.2335          0.1609   30724
      500      599      0.1538     0.1565     0.1686          0.1520   30728
      700      799      0.1546     0.1584     0.1726          0.1543   30732
     1000     1099      0.1566     0.1618     0.1760          0.1567   33824
     2000     2099      0.1627     0.1673     0.1805          0.1630   33828
     3000     3099      0.1747     0.1826     0.2091          0.1749   33828
     5000     5099      0.1662     0.1684     0.1766          0.1663   33828
     7000     7099      0.1589     0.1609     0.1684          0.1595   33828
    10000    10099      0.1448     0.1482     0.1573          0.1455   33828
    20000    20099      0.1261     0.1275     0.1325          0.1259   33952
    30000    30099      0.1299     0.1315     0.1382          0.1304   33952
    50000    50099      0.1333     0.1343     0.1386          0.1334   33952
    70000    70099      0.1398     0.1466     0.1540          0.1405   34128
    99901   100000      0.1259     0.1271     0.1315          0.1263   34128

-- alpha fit (route 1): c(t) ~ t^alpha over the top two decades of the deepest cells (requested T=100000; depth reached per seed: {1: 100000})
   seed 1: alpha_raw = -0.064  (11 windows, t in [1050, 99950])
   POOLED alpha_raw = -0.064   bootstrap-over-seeds 95% CI [-0.064, -0.064] (seeds=[1], 2000 resamples)
   fit prediction at t=10000: 0.148 ms/tick
-- alpha_3p: c(t) = c0 + a*t^alpha over ALL windows of the deepest cells (relative-weighted LS; alpha on a 0.005 grid)
   seed 1: alpha_3p = nan  c0 = nan ms  a = nan ms  rel-rmse nan
   POOLED alpha_3p = nan   bootstrap 95% CI [nan, nan]   c0 = nan ms  a = nan ms  rel-rmse nan
   3p prediction at t=10000: nan ms/tick (fold-depth share nan%)

-- alpha_raw per scale (pooled over that scale's seeds; top two decades of each cell's depth):
   T=10000   depth reached [10000]: alpha_raw = -0.000  CI [-0.000, -0.000]  (1 seeds, 11 points);  alpha_3p (all windows) = nan  c0 = nan ms  rel-rmse nan
   T=100000  depth reached [100000]: alpha_raw = -0.064  CI [-0.064, -0.064]  (1 seeds, 11 points);  alpha_3p (all windows) = nan  c0 = nan ms  rel-rmse nan

-- operating point: measured median per-tick cost at the window starting at tick 10000
   S1-T10000-s1-route1: window [9901,10000] median 0.146 ms  mean 0.148 ms  p90 0.152 ms  cpu-median 0.146 ms
   S1-T100000-s1-route1: window [10000,10099] median 0.145 ms  mean 0.148 ms  p90 0.157 ms  cpu-median 0.146 ms
   SANITY S1-T100000-s1-route1: alpha over all windows = -0.095, max/min window median = 2.126  -> NOT FLAT (criterion |alpha|<=0.1, ratio<=1.5)
